<?xml version="1.0" encoding="UTF-8"?>
<project-private xmlns="http://www.netbeans.org/ns/project-private/1">
    <editor-bookmarks xmlns="http://www.netbeans.org/ns/editor-bookmarks/2" lastBookmarkId="1">
        <file>
            <url>produtos/137/data.xml</url>
            <bookmark id="1">
                <name/>
                <line>0</line>
                <key/>
            </bookmark>
        </file>
    </editor-bookmarks>
    <open-files xmlns="http://www.netbeans.org/ns/projectui-open-files/2">
        <group>
            <file>file:/C:/Webserver/Apache2.2/htdocs/playstart_2/dbScripts/advSearch.php</file>
            <file>file:/C:/Webserver/Apache2.2/htdocs/playstart_2/dbScripts/searchCore.php</file>
        </group>
    </open-files>
</project-private>
